{"K": [[451.2390229227816, 0.0, 295.5040518562015], [0.0, 438.4458671774453, 248.19387043989218], [0.0, 0.0, 1.0]], "R": [[1.0, 0.0, 0.0], [0.0, 1.0, 0.0], [0.0, 0.0, 1.0]], "t": [[0.0], [0.0], [0.0]]}