{"K": [[451.2390229227816, 0.0, 295.5040518562015], [0.0, 438.4458671774453, 248.19387043989218], [0.0, 0.0, 1.0]], "R": [[0.9677715653018921, -0.13402565918193726, -0.21320253299145467], [0.13801215752334894, 0.9904230280168751, 0.0038561573664032973], [0.21064387427332257, -0.03315642101812781, 0.9770004145221195]], "t": [[0.98332455981863], [0.1434610460709654], [0.11176644540165667]]}